Latitude,Longitude,Sample Date,Total Alkalinity,Electrical Conductance,Dissolved Reactive Phosphorus
-32.043333,27.822778,2014-09-01,115.02277549844325,601.7476182433726,35.75989142572241
-33.329167,26.0775,2015-09-16,114.85029376616444,601.9784675147315,35.8797731392774
-32.99163889,27.64002778,2015-05-07,113.80886748981352,598.8169248279769,35.60639393505849
-34.096389,24.439167,2012-02-07,113.06168731001522,599.6482131043274,36.426700401418856
-32.00055556,28.58166667,2014-10-01,105.91543958274727,570.6574913648964,33.77859383846274
-32.08639,25.57556,2013-07-19,109.89848554241081,572.4558029465926,34.220163563876824
-32.00055556,28.58166667,2014-09-03,109.71300732943254,590.9270175165752,34.19631286990124
-32.99163889,27.64002778,2014-10-02,114.35667647322276,600.6839447807047,35.75989142572241
-32.00055556,28.58166667,2014-08-06,106.17801988800441,574.2819018536428,33.92387725184333
-33.18536111,27.39075,2011-09-22,114.85029376616444,601.9784675147315,35.8797731392774
-33.731111,24.618333,2013-03-28,113.94657951024097,595.1877285463537,36.426700401418856
-33.731111,24.618333,2013-04-18,113.5735391977375,601.4236354557069,36.336460223559435
-32.00055556,28.58166667,2012-11-21,113.65685979009744,596.0766641665944,35.85207311463635
-32.00055556,28.58166667,2014-07-09,111.67213867280331,591.8879520501773,34.241826468200344
-32.00055556,28.58166667,2014-06-04,110.74913127636425,584.5466625745228,33.27859652858214
-31.905,25.43,2014-11-03,114.3705535320698,599.4193910385092,35.920256285911
-33.731111,24.618333,2014-04-10,113.75726146415516,598.9508752687192,36.26096022355944
-32.08639,25.57556,2014-12-05,113.33215833840161,595.6395622585948,35.86983354633113
-32.043333,27.822778,2014-08-04,109.47927638400496,583.2268929191774,34.35436551932877
-32.515278,28.015556,2015-08-05,105.97037669517812,574.0055507145998,34.28047675166372
-32.043333,27.822778,2014-09-29,105.81827299208994,568.65857523201,34.35398290696675
-32.99163889,27.64002778,2011-03-08,113.58142841073983,597.968698264286,36.426700401418856
-32.08639,25.57556,2013-04-26,113.32560438597568,599.0232063137231,36.336460223559435
-32.043333,27.822778,2011-07-04,106.25196749382457,570.6394984647904,33.96388988167667
-32.99163889,27.64002778,2014-07-22,109.6160255029736,596.8129872119586,34.636500051095155
-32.99163889,27.64002778,2014-07-10,115.10543451378905,604.8451684741652,35.61908413405574
-32.043333,27.822778,2014-05-12,113.40993966898696,596.9252228013586,35.4865122215035
-33.18536111,27.39075,2015-07-02,115.44628406290853,606.3774364428749,35.66346584761073
-33.731111,24.618333,2014-03-20,113.87847974660193,595.1877285463537,36.426700401418856
-33.18536111,27.39075,2012-05-31,113.23348104608782,598.8169248279769,35.60639393505849
-33.329167,26.0775,2015-03-08,113.21205798533813,598.2779137815274,36.426700401418856
-32.579167,27.366667,2012-05-07,113.23348104608782,598.8169248279769,35.60639393505849
-32.99163889,27.64002778,2015-08-27,115.4212446895145,605.183687544114,35.80626698397437
-32.08639,25.57556,2011-02-09,113.10896677845305,595.9123267197282,36.30681868786387
-33.329167,26.0775,2015-06-24,114.24669591702194,600.8576643875485,35.69891997672516
-32.043333,27.822778,2014-07-07,111.26147306296858,597.8978992270902,34.79230880050743
-33.731111,24.618333,2012-10-04,115.48623298595508,601.8338770633637,35.8797731392774
-32.043333,27.822778,2014-06-02,114.07464542830138,601.7469320788628,35.57903826317017
-33.731111,24.618333,2013-05-23,114.16857382124053,596.9252228013586,35.60639393505849
-32.043333,27.822778,2014-10-27,115.18280155412916,602.1514771101473,35.75989142572241
-31.903056,25.482222,2014-05-19,113.03475159533023,598.6157748279769,35.4865122215035
-32.579167,27.366667,2012-03-05,113.50946358269749,597.968698264286,36.426700401418856
-32.802778,27.856389,2014-05-05,113.44171969569584,595.926366579407,35.60639393505849
-32.99163889,27.64002778,2011-06-02,113.93918409706889,603.638634105481,35.69891997672516
-32.99163889,27.64002778,2011-01-14,113.01574704950816,591.0437807981378,35.862862129665174
-32.99163889,27.64002778,2014-10-30,114.35667647322276,600.6839447807047,35.75989142572241
-34.096389,24.439167,2011-10-12,114.76220974361934,603.6579823547728,35.8797731392774
-33.18536111,27.39075,2015-11-18,112.97010077539325,598.2355785405913,35.96463799946599
-32.99163889,27.64002778,2015-07-30,115.2296496518482,606.1405519706374,35.73896584761073
-32.00055556,28.58166667,2014-10-29,114.46889751619972,602.4559324072992,35.74687645544506
-32.043333,27.822778,2014-02-04,113.88909696030429,596.8672433863949,36.426700401418856
-33.771111,25.386667,2014-12-04,113.07922972441928,594.050506826336,35.98971525988612
-32.579167,27.366667,2012-05-29,113.09703824810802,598.9249903452182,35.4865122215035
-33.329167,26.0775,2015-10-06,115.41813322231606,601.8338770633637,35.8797731392774
-33.18536111,27.39075,2013-10-21,114.54448489009238,603.5856513097689,35.8042731392774
-32.579167,27.366667,2014-07-07,115.67938612754565,606.94281790631,35.61908413405574
-32.99163889,27.64002778,2015-09-28,114.85029376616444,601.9784675147315,35.8797731392774
-34.096389,24.439167,2013-02-26,113.49334438819467,599.5758820593235,36.426700401418856
-34.096389,24.439167,2011-11-08,114.68017278639185,596.3438765139731,35.96463799946599
-32.99163889,27.64002778,2011-06-30,115.04552816826804,600.5017521068469,35.69891997672516
-32.99163889,27.64002778,2011-02-10,113.49334438819467,599.6482131043274,36.426700401418856
-32.00055556,28.58166667,2013-05-08,114.2332837720852,597.0272306091988,35.52556562445311
-32.99163889,27.64002778,2014-05-05,113.80886748981352,597.099050440722,35.60639393505849
-33.731111,24.618333,2014-02-26,113.7903957240568,596.8672433863949,36.426700401418856
-31.903056,25.482222,2011-03-08,112.58822759573712,597.968698264286,36.426700401418856
-33.202778,24.235556,2011-05-30,113.23348104608782,598.8169248279769,35.60639393505849
-32.99163889,27.64002778,2015-02-13,112.50014357319199,597.9303387170725,36.426700401418856
-32.515278,28.015556,2015-04-22,113.22937512764234,598.1323002205331,36.216578510004446
-34.096389,24.439167,2013-03-26,113.58142841073983,597.8963672192822,36.426700401418856
-32.08639,25.57556,2013-12-06,112.72438292710162,593.0597425406625,35.98971525988612
-31.905,25.43,2014-04-29,113.05732463892181,598.822056313723,36.216578510004446
-32.043333,27.822778,2011-04-11,113.37664680264236,598.3334502205331,36.336460223559435
-32.043333,27.822778,2012-11-19,114.17288741748347,598.3079095855952,36.04013799946599
-32.605278,25.885,2014-02-28,112.13299577907434,596.2510643328817,36.426700401418856
-33.001667,25.161389,2014-01-29,105.12127036511076,556.1540345987404,33.83809020681481
-33.18536111,27.39075,2015-01-16,112.38574204236437,590.9714497531339,35.78736212966518
-32.99163889,27.64002778,2011-05-06,114.27832221652939,595.2821884433779,35.60639393505849
-32.08639,25.57556,2014-08-15,106.39530185808526,573.6963351973585,34.28047675166372
-32.605278,25.885,2013-05-28,112.82794777569129,595.2186260565313,35.4865122215035
-33.731111,24.618333,2015-04-09,113.85976165657944,598.2611191755293,36.26096022355944
-32.99163889,27.64002778,2013-12-05,113.72029199708413,593.5816318472623,35.98971525988612
-32.08639,25.57556,2012-11-08,114.17288741748347,598.3079095855952,36.04013799946599
-32.99163889,27.64002778,2015-01-16,112.45420331268494,589.3259064108829,35.862862129665174
-32.579167,27.366667,2011-03-09,113.01171839703488,596.1784928320272,36.35120040141886
-32.802778,27.856389,2014-10-02,114.17843367910513,601.3591829226282,35.75989142572241
-32.99163889,27.64002778,2013-03-07,113.01988467391658,596.2508238770312,36.426700401418856
-32.99163889,27.64002778,2012-04-05,113.51125254495972,601.1144199384655,36.336460223559435
-32.99163889,27.64002778,2012-07-26,115.2296496518482,606.1405519706374,35.61908413405574
-32.605278,25.885,2014-11-06,113.91899952680927,591.3154580251074,35.920256285911
-32.605278,25.885,2014-01-30,112.08705551856728,587.6466320266921,35.862862129665174
-32.605278,25.885,2012-08-16,105.39642508142151,571.3824490884917,34.28047675166372
-34.096389,24.439167,2014-02-05,113.49334438819467,599.5758820593235,36.35120040141886
-32.99163889,27.64002778,2014-02-07,112.93180065137145,597.1374299006472,36.426700401418856
-33.094444,25.012778,2014-10-08,114.69373555852837,603.0114746809681,35.75989142572241
-32.043333,27.822778,2011-05-09,113.53053238194991,596.0359551100446,35.60639393505849
-34.096389,24.439167,2015-09-16,115.38562453189823,600.0144344431094,35.8042731392774
-33.001667,25.161389,2015-02-05,105.06388150513807,563.0408322495525,34.384691272955436
-32.605278,25.885,2013-07-15,115.47258230790668,604.1699303322418,35.61908413405574
-32.043333,27.822778,2012-06-04,110.08517947831062,591.9824438732013,34.75226292962186
-32.515278,28.015556,2014-01-13,113.72256398683426,587.5090444135387,35.862862129665174
-32.99163889,27.64002778,2013-05-30,113.80886748981352,598.8169248279769,35.60639393505849
-32.08639,25.57556,2015-04-09,113.82494586870327,597.5796835538664,36.336460223559435
-33.731111,24.618333,2014-04-24,113.68771116785886,599.1503868668434,36.26096022355944
-32.00055556,28.58166667,2014-04-09,113.3440097510217,599.3970567646912,36.38799278551363
-32.08639,25.57556,2015-05-08,113.34910860921913,598.9249903452182,35.4865122215035
-32.605278,25.885,2013-11-08,114.27678070893012,597.2816268669009,35.920256285911
-33.731111,24.618333,2015-03-08,113.50389968864675,595.7096178529534,36.426700401418856
-32.99163889,27.64002778,2014-05-27,114.0156713094525,598.7445937829731,35.60639393505849
-32.515278,28.015556,2011-06-06,115.12758741663406,600.5017521068469,35.69891997672516
-32.605278,25.885,2013-06-19,114.18211675312742,601.719609718226,35.57903826317017
-32.043333,27.822778,2013-10-21,115.2511496488226,604.7293490682231,35.75989142572241
-31.905,25.43,2013-09-10,106.20328056381733,568.4899276129623,34.35398290696675
-32.99163889,27.64002778,2012-01-24,113.01574704950816,591.0437807981378,35.862862129665174
-32.043333,27.822778,2014-04-07,113.87640364446088,598.3334502205331,36.336460223559435
-32.00055556,28.58166667,2011-07-06,114.87426551966668,604.3999393426722,35.65813753700534
-33.18536111,27.39075,2015-09-28,114.85029376616444,601.9784675147315,35.8797731392774
-32.605278,25.885,2013-09-10,106.57509242975935,568.65857523201,34.06608608156992
-31.905,25.43,2013-08-14,106.39530185808526,573.6963351973585,34.28047675166372
-33.18536111,27.39075,2014-07-22,115.90808744349238,606.0682209256335,35.73896584761073
-32.043333,27.822778,2012-05-07,113.23348104608782,598.8169248279769,35.60639393505849
-32.08639,25.57556,2012-07-19,115.71353822527645,602.8025199720033,35.61908413405574
-33.001667,25.161389,2014-09-17,106.64356975725738,568.081269171404,33.99199590703857
-31.905,25.43,2011-07-06,110.38397022657742,583.8917218048257,34.23280025788456
-32.08639,25.57556,2013-03-05,114.02863875860697,595.1877285463537,36.426700401418856
-33.18536111,27.39075,2015-10-29,113.71905457527758,603.5856513097689,35.8042731392774
-32.08639,25.57556,2012-12-03,112.88242186270416,595.8407122585947,35.98971525988612
-32.99163889,27.64002778,2012-05-31,114.36418042107216,595.9636240650407,35.60639393505849
-31.905,25.43,2013-07-17,106.02612520967088,573.0652483199638,34.21915941159638
-31.903056,25.482222,2012-04-25,113.07959546678025,601.1144199384655,36.216578510004446
-34.096389,24.439167,2014-03-25,113.64371506351759,598.2055827365235,36.426700401418856
-33.094444,25.012778,2015-07-23,114.97576176117403,600.2031135969628,35.61908413405574
-32.802778,27.856389,2015-06-01,114.5145705407946,603.638634105481,35.69891997672516
-34.096389,24.439167,2015-11-12,114.54471145515936,598.2355785405913,36.04013799946599
-32.99163889,27.64002778,2015-11-18,114.33790763552038,595.5350220115271,36.04013799946599
-32.08639,25.57556,2011-03-10,113.19705080099821,594.232811879687,36.30681868786387
-33.329167,26.0775,2015-07-22,115.48570369604364,603.3595822527051,35.73896584761073
-33.731111,24.618333,2012-07-26,116.30420607936915,603.3595822527051,35.73896584761073
-32.605278,25.885,2012-12-03,112.67561804306521,593.0678246845267,35.86983354633113
-33.094444,25.012778,2015-05-28,113.23937834767513,598.8169248279769,35.60639393505849
-34.0325,24.196389,2011-11-08,114.17288741748347,598.3079095855952,36.04013799946599
-32.515278,28.015556,2014-05-14,113.47948996528326,595.2821884433779,35.4865122215035
-33.18536111,27.39075,2012-09-20,115.25016320066578,601.9784675147315,35.8797731392774
-33.329167,26.0775,2014-05-28,113.23348104608782,598.8169248279769,35.60639393505849
-33.731111,24.618333,2015-05-07,114.07795796223029,599.0538093002144,35.60639393505849
-31.905,25.43,2012-03-12,113.24809321766486,594.9865785463536,36.30681868786387
-32.761111,26.629444,2014-04-22,104.7933986422148,567.7592435025127,34.37688987230411
-32.761111,26.629444,2014-05-26,105.43717631399471,565.4617483920241,33.809645452659865
-32.802778,27.856389,2015-08-24,115.2353806752947,605.183687544114,35.80626698397437
-32.99163889,27.64002778,2011-11-24,114.33790763552038,596.5900351983403,36.04013799946599
-32.579167,27.366667,2014-05-27,113.23348104608782,598.8169248279769,35.60639393505849
-32.802778,27.856389,2014-10-30,114.17843367910513,601.3591829226282,35.75989142572241
-32.99163889,27.64002778,2012-11-15,114.47274662711703,598.3079095855952,36.04013799946599
-32.515278,28.015556,2013-05-08,114.35601414419047,595.6077117843389,35.530893935058494
-32.605278,25.885,2013-10-10,106.84562461323272,567.1818455409345,34.032194246999396
-32.579167,27.366667,2014-03-04,113.64371506351759,598.2055827365235,36.35120040141886
-32.515278,28.015556,2011-01-19,113.69015126930393,588.7123693418014,35.78736212966518
-32.515278,28.015556,2014-04-10,113.85976165657944,597.9052068948275,36.336460223559435
-34.096389,24.439167,2014-01-07,113.41935873086223,590.9714497531339,35.78736212966518
-33.18536111,27.39075,2012-06-28,114.31662588783193,603.9478496227223,35.69891997672516
-33.771111,25.386667,2013-11-08,114.33790763552038,595.8253758576809,36.04013799946599
-34.096389,24.439167,2011-03-09,113.9299375223595,595.7096178529534,36.426700401418856
-31.903056,25.482222,2012-12-03,112.81045703466184,595.8407122585947,35.98971525988612
-31.905,25.43,2013-10-07,106.47381274729072,567.0131979218869,34.320091072396224
-33.506389,26.744722,2015-10-06,114.87406901653888,601.6939492831507,35.8042731392774
-33.731111,24.618333,2013-03-27,113.94657951024097,595.1877285463537,36.426700401418856
-32.173889,27.3725,2013-04-04,113.8388218511602,598.3334502205331,36.336460223559435
-33.771111,25.386667,2013-12-06,112.88242186270416,595.8407122585947,35.98971525988612
-33.001667,25.161389,2015-07-23,106.79801858165054,573.8782081466902,34.23179610560412
-32.579167,27.366667,2011-02-07,112.93180065137145,597.8580076720685,36.426700401418856
-33.18536111,27.39075,2014-07-10,114.94554811846409,606.0682209256335,35.66346584761073
-32.802778,27.856389,2014-09-04,114.26651770165027,599.6796680825869,35.75989142572241
-32.713889,26.296667,2013-01-31,112.857814994039,587.4779844076445,35.862862129665174
-32.802778,27.856389,2015-05-04,113.78531137870242,595.4197760565313,35.60639393505849
-32.99163889,27.64002778,2014-09-04,115.09322642222294,599.0044299406635,35.75989142572241
-31.905,25.43,2013-03-04,113.26248754793589,598.0767637815275,36.30681868786387
-33.001667,25.161389,2014-01-09,105.12127036511076,556.1540345987404,33.83809020681481
-32.99163889,27.64002778,2015-12-16,113.07922972441928,593.0678246845267,35.98971525988612
-33.329167,26.0775,2011-05-06,113.47948996528326,595.2821884433779,35.60639393505849
-33.771111,25.386667,2015-05-27,112.96311743183605,595.2511284374838,35.60639393505849
-32.605278,25.885,2012-11-06,113.96608359784449,595.5350220115271,35.920256285911
-33.18536111,27.39075,2012-12-04,112.86643730555343,593.6771675888485,35.91421525988612
-33.18536111,27.39075,2012-11-15,114.12511521665456,596.144364915849,35.96463799946599
-32.043333,27.822778,2015-07-13,106.02612520967088,573.0652483199638,33.79698887917041
-32.00055556,28.58166667,2011-01-19,112.81067659326068,588.835784833328,35.871670678419484
-33.506389,26.744722,2015-06-24,115.02888618038659,600.8576643875485,35.69891997672516
-33.731111,24.618333,2012-06-21,115.04552816826804,600.8576643875485,35.69891997672516
-32.515278,28.015556,2012-02-22,112.93039477848819,597.3168016479909,36.35120040141886
-34.096389,24.439167,2014-04-23,113.68771116785886,599.1503868668434,36.336460223559435
-32.515278,28.015556,2014-12-01,113.03848779427398,592.9874114956585,35.91421525988612
-32.99163889,27.64002778,2014-01-16,112.857814994039,588.5329975944578,35.862862129665174
-33.202778,24.235556,2011-09-12,114.85029376616444,601.9784675147315,35.8797731392774
-31.905,25.43,2015-12-28,113.33215833840161,595.6395622585948,35.86983354633113
-33.23778,26.99472,2012-11-08,114.19167290451747,598.6356307802384,36.13402320969263
-31.905,25.43,2014-05-19,113.21121021822938,596.5245612032345,35.4865122215035
-33.506389,26.744722,2015-08-18,115.74589735870991,603.0924739193717,35.80626698397437
-33.771111,25.386667,2012-12-06,113.07922972441928,593.2364723035743,35.98971525988612
-33.18536111,27.39075,2014-09-04,115.25606050225306,601.9784675147315,35.8797731392774
-32.043333,27.822778,2015-09-28,115.30003024186189,602.7807334504041,35.75989142572241
-33.001667,25.161389,2015-01-08,105.05342940010704,555.5767285381343,34.032325094318196
-33.23778,26.99472,2013-03-27,113.14977133256033,597.968698264286,36.426700401418856
